key	value
benchmark_date	2026-08-14
decepticonx_git	f93ce0f01a674c31bed5c217bd5072d7d845311c
decepticon_git	53342ce0077001b17d100cb17fc711511baf0d90
reference_builders_git	512c9c9d47b3e3a735f17e882aff07460560cb4c
python_cibersort_rs_git	cd957af06357d2636ba18af1135bf70b488dfbbb
epic_py_rust_git	2e661cccb5c9d7c8327bd65253e3495a1d3c1991
deconrnaseq_py_git	a2ec1b9ebe341628e945a6d25c6068cad975f6b5
music_py_git	a4464c84f87fbeb61f0fa7032625bad21add52dd
monocle3_git	536f1033
cibersort_helper_sha256	8435ae008d5ec373fa8ebdf526c2e948a588f46676ab9d30770c29e143de3eca
rda_sha256	c2b484e178cbc49966e26114f641fd3bcde6614e47398ece6f6853a1f83f76fb
h5ad_sha256	555e2914cf8f95222ab7ccda1a735800fd4a8d54c83ec83ad6a02bd3185d7515
source_bulk_sha256	77ca6cf40384dbee4fe1114103b42032e5232bfc3829c22c4449090a576ab2c3
complete_bulk_sha256	883bf9ae63507dd16094935b82b1803ac6ed03e28da02b96da9fde5e70d24a43
truth_sha256	09efe504699bf647215503549b0819784bcb4d3e67af8259a507ffb54828644c
seed	20260814
bulk_genes	362
bulk_samples	100
single_cell_genes	17753
single_cell_cells_after_unknown_exclusion	11434
cell_types	11
r_version	4.3.3
python_version	3.11.15
platform	WSL2 Linux 6.18.33.2
cpu	13th Gen Intel Core i9-13900KF; 24 cores; 32 logical processors
wsl_memory	46 GiB
epic_mapping_entries	12
epic_mapping_sha256	9a23e45023dce2f9f022a67def55a0303b119b0f9351b75969848c1d981a9ec3
epic_mapping_hash_format	sorted key, tab, %.17g value, newline-separated
epic_mapping_values	redacted_not_committed
