run	cell_type	pearson	spearman	mae	rmse
r_original_common5	Melanoma cell	0.9397466677331752	0.9159051331711316	0.10189848689851722	0.1772620720837283
r_original_common5	Ovarian carcinoma cell	0.9939254069606126	0.9572546451579076	0.0693344446267933	0.11556512860860554
r_original_common5	B cell	0.8844476657600315	0.8983468749631902	0.021252338485827287	0.02848070133503539
r_original_common5	T cell CD8+	0.2809548247884715	0.24325232523252324	0.04618682961701373	0.0596015294085245
r_original_common5	T cell CD4+ (non-regulatory)	0.2793036572966043	0.36880888088808883	0.18760198890223861	0.19646200610966
r_original_common5	Macrophage/Monocyte	0.8995059389236382	0.9034623462346234	0.05741164120259467	0.06247907697197295
r_original_common5	T cell regulatory (Tregs)	0.7955928838098966	0.7647670152651123	0.03448780295062203	0.04436961973043736
r_original_common5	Plasmacytoid dendritic cell	0.8788088379337002	0.8584904895213916	0.033262754097687815	0.04132404138761201
r_original_common5	NK cell	0.854047930824389	0.8740052330956695	0.034321047214531684	0.04494296625200808
r_original_common5	Cancer associated fibroblast	0.7451143346528887	0.7308730873087309	0.02911724461329114	0.0385181732827672
r_original_common5	Endothelial cell	0.8126545231266902	0.8091248568830756	0.05484231427085946	0.06948557234413424
accelerated_on_r_refs	Melanoma cell	0.9378099326806986	0.9162583785181738	0.1028095661462594	0.17878602220152268
accelerated_on_r_refs	Ovarian carcinoma cell	0.9937851337511494	0.9573384164579125	0.07099708580117334	0.1176149843842973
accelerated_on_r_refs	B cell	0.8782242282995617	0.8942328088542106	0.021086657991846704	0.028051703639121687
accelerated_on_r_refs	T cell CD8+	0.24697700254126465	0.2166336633663366	0.046449266123432705	0.05970667641263166
accelerated_on_r_refs	T cell CD4+ (non-regulatory)	0.25441154318352666	0.32634863486348636	0.18040938760836542	0.189637401365948
accelerated_on_r_refs	Macrophage/Monocyte	0.8993543181383935	0.9050705070507049	0.05325488481375225	0.05844448781664547
accelerated_on_r_refs	T cell regulatory (Tregs)	0.8290364553024958	0.8134940278825777	0.028179080043253868	0.03546169434815664
accelerated_on_r_refs	Plasmacytoid dendritic cell	0.8687130893611148	0.8471098062023822	0.03471121255843857	0.043258305770423194
accelerated_on_r_refs	NK cell	0.8544921440934653	0.8763366507977686	0.03218910661537783	0.04219173601534124
accelerated_on_r_refs	Cancer associated fibroblast	0.7258782552860513	0.7112751275127512	0.030019250854541903	0.03987176312030469
accelerated_on_r_refs	Endothelial cell	0.8045362893868854	0.8033846982927162	0.05544397386389192	0.0703104230603114
accelerated_full_h5ad_e2e	Melanoma cell	0.9390537335601314	0.9185860975480764	0.10252169170795017	0.17829491850528054
accelerated_full_h5ad_e2e	Ovarian carcinoma cell	0.9939989709702766	0.9573803021079151	0.07116934353243022	0.11793085367669759
accelerated_full_h5ad_e2e	B cell	0.8750998362815314	0.8908399404799554	0.021493513991412937	0.02874262717871757
accelerated_full_h5ad_e2e	T cell CD8+	0.2259398284626034	0.1997119711971197	0.04760976787298949	0.06117407355710465
accelerated_full_h5ad_e2e	T cell CD4+ (non-regulatory)	0.24866476054267234	0.30269426942694266	0.17828847318083368	0.18767315189531678
accelerated_full_h5ad_e2e	Macrophage/Monocyte	0.8992939602349619	0.9034503450345033	0.05292741244199056	0.05817149583512906
accelerated_full_h5ad_e2e	T cell regulatory (Tregs)	0.8304373142613493	0.8119816225365962	0.028237652539127987	0.03558699620604832
accelerated_full_h5ad_e2e	Plasmacytoid dendritic cell	0.8763004734538683	0.8536060079161947	0.03571458499463147	0.044305776354586116
accelerated_full_h5ad_e2e	NK cell	0.8429412615859456	0.8584544366703283	0.0326796270865093	0.04308645993077495
accelerated_full_h5ad_e2e	Cancer associated fibroblast	0.7229158259788242	0.7053465346534652	0.029941163220954303	0.03979184029913803
accelerated_full_h5ad_e2e	Endothelial cell	0.8109709654782515	0.8100250981604454	0.055195043057348736	0.0700243913929825
